Stock1,Stock2,ADF_statistic,ADF_pvalue
BANKBARODA,CANBK,-3.8586552098140863,0.002361093592314199
