Stock1,Stock2,Correlation
PFC,RECLTD,0.901138664360062
BPCL,HINDPETRO,0.8380414329718068
BPCL,IOC,0.8175028840246197
BANKBARODA,CANBK,0.8062438018595837
CANBK,PNB,0.7873546464682238
HINDPETRO,IOC,0.7834894998931826
BAJAJFINSV,BAJFINANCE,0.7782791119160023
ADANIENT,ADANIPORTS,0.7690026270319451
ADANIENSOL,ADANIGREEN,0.7593343993424232
SAIL,TATASTEEL,0.747520112141889
INFY,TCS,0.7472142748871772
BANKINDIA,UNIONBANK,0.7443594278224761
BANKBARODA,PNB,0.7428328097418645
JSWSTEEL,TATASTEEL,0.7397438939910275
JINDALSTEL,TATASTEEL,0.7338544471218003
DLF,GODREJPROP,0.7303787152945607
BANKBARODA,SBIN,0.7279439935720429
ADANIPORTS,AMBUJACEM,0.716166003089416
CANBK,SBIN,0.7117147246524581
BEL,HAL,0.7106684109868833
HCLTECH,INFY,0.7068921795877613
CANBK,UNIONBANK,0.7005936004459178
