Stock1,Stock2,Alpha,Beta,HalfLife
BANKBARODA,CANBK,71.58208842194638,1.544043559238333,22.89498169258622
