Stock1,Stock2,ADF_pvalue,Correlation,Alpha,Beta,HalfLife
BANKBARODA,CANBK,0.002361093592314199,0.8062438018595837,71.58208842194638,1.544043559238333,22.89498169258622
